web_scraper_order,web_scraper_start_url,title,bid-id,due-date,stage
"1784987501-1","https://pbsystem.planetbids.com/portal/48157/bo/bo-search","Solar Monitoring and Asset Management Services","2026-0129","07/30/2026 03:00pm","Bidding"
"1784987501-2","https://pbsystem.planetbids.com/portal/48157/bo/bo-search","As-Needed Bridge, Road, and Trail Design, Engineering, Inspection, Maintenance, and Bridge Construction Management Services","2026-0133","08/05/2026 03:00pm","Bidding"
"1784987501-3","https://pbsystem.planetbids.com/portal/48157/bo/bo-search","As-Needed and Urgent or Immediate Facilities Condition Assessment, Environmental Inspections and Radon Remediation, and Project Management Services","#2026-0112","08/07/2026 03:00pm","Bidding"
"1784987501-4","https://pbsystem.planetbids.com/portal/48157/bo/bo-search","Fresh Food and Snack Vending Machine Services","2026-0135","08/20/2026 03:00pm","Bidding"
"1784987501-5","https://pbsystem.planetbids.com/portal/48157/bo/bo-search","RFP - As-Needed Relocation and Goodwill Services","2026-0125","08/21/2026 03:00pm","Bidding"
"1784987501-6","https://pbsystem.planetbids.com/portal/48157/bo/bo-search","As-Needed and Urgent or Immediate Burial Services","2026-0116","07/02/2026 03:00pm","Closed"
"1784987501-7","https://pbsystem.planetbids.com/portal/48157/bo/bo-search","As-Needed Professional Architectural, Engineering, and Construction Management Consulting Services","2026-0102","07/01/2026 03:00pm","Closed"
"1784987501-8","https://pbsystem.planetbids.com/portal/48157/bo/bo-search","Janitorial Supplies","2026-0122","06/29/2026 03:00pm","Closed"
"1784987501-9","https://pbsystem.planetbids.com/portal/48157/bo/bo-search","RFP - Landfill Gas Engineering and Monitoring Services - Union Mine Disposal Facility","2026-0130","06/26/2026 03:00pm","Closed"
"1784987501-10","https://pbsystem.planetbids.com/portal/48157/bo/bo-search","Ergotron Sit-Stand Units","2026-0128","06/19/2026 03:00pm","Award Pending"
"1784987501-11","https://pbsystem.planetbids.com/portal/48157/bo/bo-search","RFQ - As-Needed Construction Support Services","2026-0111","06/05/2026 03:00pm","Awarded"
"1784987501-12","https://pbsystem.planetbids.com/portal/48157/bo/bo-search","Plumbing, Generator Maintenance and Repair, and Tremco Certified Roofing Services","#2026-0118","05/29/2026 03:00pm","Closed"
"1784987501-13","https://pbsystem.planetbids.com/portal/48157/bo/bo-search","Printed Business & Catalog Envelopes","2026-0124","05/27/2026 03:00pm","Award Pending"
"1784987501-14","https://pbsystem.planetbids.com/portal/48157/bo/bo-search","Defensible Space and Home Hardening Services - Weber Creek","2026-0101","05/21/2026 03:00pm","Award Pending"
"1784987501-15","https://pbsystem.planetbids.com/portal/48157/bo/bo-search","Drone – Freefly Astro Max Mapping Essentials Aircraft (NDAA/Blue) or Equivalent","2026-0126","05/14/2026 03:00pm","Award Pending"
"1784987501-16","https://pbsystem.planetbids.com/portal/48157/bo/bo-search","RFP - Electronic Health Record System","2026-0117","05/13/2026 03:00pm","Award Pending"
"1784987501-17","https://pbsystem.planetbids.com/portal/48157/bo/bo-search","Herbicides","2026-0123","05/08/2026 03:00pm","Award Pending"
"1784987501-18","https://pbsystem.planetbids.com/portal/48157/bo/bo-search","Aggregate Base Materials - West Slope","2026-0121","04/30/2026 03:00pm","Closed"
"1784987501-19","https://pbsystem.planetbids.com/portal/48157/bo/bo-search","El Dorado County Water Agency - RFP-Alder Reservoir Appraisal Study","2026-101","04/23/2026 05:00pm","Closed"
"1784987501-20","https://pbsystem.planetbids.com/portal/48157/bo/bo-search","Plant Mix Asphalt Concrete - West Slope","2026-0119","04/17/2026 03:00pm","Award Pending"
"1784987501-21","https://pbsystem.planetbids.com/portal/48157/bo/bo-search","Aggregate Base Materials - West Slope","2026-0115","04/06/2026 03:00pm","Closed"
"1784987501-22","https://pbsystem.planetbids.com/portal/48157/bo/bo-search","Plant Mix Asphalt Concrete - West Slope","2026-0114","03/31/2026 03:00pm","Canceled"
"1784987501-23","https://pbsystem.planetbids.com/portal/48157/bo/bo-search","RFQ - As-Needed Urgent or Immediate Road Repair Services","2026-0110","03/31/2026 03:00pm","Closed"
"1784987501-24","https://pbsystem.planetbids.com/portal/48157/bo/bo-search","RFP - Confidential Document and E-Waste Destruction Services","2025-0174","03/30/2026 03:00pm","Award Pending"
"1784987501-25","https://pbsystem.planetbids.com/portal/48157/bo/bo-search","RFQ - Temporary Staffing Services for Behavioral Health Division","2025-0187","03/19/2026 03:00pm","Canceled"
"1784987501-26","https://pbsystem.planetbids.com/portal/48157/bo/bo-search","RFP - Operational Banking Services","2026-0100","03/16/2026 03:00pm","Closed"
"1784987501-27","https://pbsystem.planetbids.com/portal/48157/bo/bo-search","RFP - Tax Bill Design, Printing, and Processing Services","2026-0103","03/13/2026 03:00pm","Award Pending"
"1784987501-28","https://pbsystem.planetbids.com/portal/48157/bo/bo-search","Culverts, Pipes and Couplers","2026-0108","03/13/2026 03:00pm","Award Pending"
"1784987501-29","https://pbsystem.planetbids.com/portal/48157/bo/bo-search","Dell 5860 and 5820 Computers or Current Equivalent","2026-0107","03/10/2026 03:00pm","Awarded"
"1784987501-30","https://pbsystem.planetbids.com/portal/48157/bo/bo-search","Mobile Identification FIngerprint Readers","2026-0105","03/06/2026 03:00pm","Award Pending"
"1784987501-31","https://pbsystem.planetbids.com/portal/48157/bo/bo-search","RFP Indoor Gun Range Cleaning Services","2025-0169","03/06/2026 03:00pm","Awarded"
"1784987501-32","https://pbsystem.planetbids.com/portal/48157/bo/bo-search","AppEnhancer / AppXtender On-Prem Maintenance Renewal","2025-0106","02/24/2026 03:00pm","Awarded"
"1784987501-33","https://pbsystem.planetbids.com/portal/48157/bo/bo-search","Waterborne Traffic Line Paint","2025-0177","01/16/2026 03:00pm","Awarded"
"1784987501-34","https://pbsystem.planetbids.com/portal/48157/bo/bo-search","RFP - Document Management Software","2025-0146","01/09/2026 03:00pm","Canceled"
"1784987501-35","https://pbsystem.planetbids.com/portal/48157/bo/bo-search","Ammunition","2025-0167","12/19/2025 03:00pm","Awarded"
"1784987501-36","https://pbsystem.planetbids.com/portal/48157/bo/bo-search","RFP - Janitorial Services","2025-0166","12/17/2025 03:00pm","Award Pending"
"1784987501-37","https://pbsystem.planetbids.com/portal/48157/bo/bo-search","RFQ Patients' Rights Advocate Services","2025-0155","12/12/2025 03:00pm","Award Pending"
"1784987501-38","https://pbsystem.planetbids.com/portal/48157/bo/bo-search","Emergency Vehicle Preemption Equipment","2025-0172","12/10/2025 03:00pm","Award Pending"
"1784987501-39","https://pbsystem.planetbids.com/portal/48157/bo/bo-search","RFP - Right of Way Services for the US 50 / Ponderosa Road Interchange - Durock Road Realignment and North Shingle Road Realignment","2025-0157","12/10/2025 03:00pm","Award Pending"
"1784987501-40","https://pbsystem.planetbids.com/portal/48157/bo/bo-search","RFP - Drainage Study and Analysis for the El Dorado Drainage Improvement Project #36106004","2025-0171","11/21/2025 03:00pm","Award Pending"
"1784987501-41","https://pbsystem.planetbids.com/portal/48157/bo/bo-search","2025/2026 Toyota Camry SE AWD or Equivalent","2025-0164","11/21/2025 03:00pm","Rejected"
"1784987501-42","https://pbsystem.planetbids.com/portal/48157/bo/bo-search","Dual Kettle Thermoplastic Trailer","2025-0170","11/20/2025 03:00pm","Awarded"
"1784987501-43","https://pbsystem.planetbids.com/portal/48157/bo/bo-search","Cutting Edges","2025-0161","11/18/2025 03:00pm","Award Pending"
"1784987501-44","https://pbsystem.planetbids.com/portal/48157/bo/bo-search","Law Enforcement Duty & Safety Gear Accessories","2025-0168","11/17/2025 03:00pm","Awarded"
"1784987501-45","https://pbsystem.planetbids.com/portal/48157/bo/bo-search","RFP -  As-Needed Engineering Services for Structural Steel Replacement, Retrofit, and Repair","2025-0149","11/17/2025 03:00pm","Canceled"
"1784987501-46","https://pbsystem.planetbids.com/portal/48157/bo/bo-search","RFP - Psychiatric Health Facility Operation and Management","2025-0145","11/07/2025 03:00pm","Award Pending"
"1784987501-47","https://pbsystem.planetbids.com/portal/48157/bo/bo-search","2025-0160 Grader/Truck- Chains, Hooks, Fasteners","2025-0160","11/06/2025 03:00pm","Awarded"
"1784987501-48","https://pbsystem.planetbids.com/portal/48157/bo/bo-search","2025-0159 Emergency Vehicle Preemption Equipment","2025-0159","10/30/2025 03:00pm","Canceled"
"1784987501-49","https://pbsystem.planetbids.com/portal/48157/bo/bo-search","RFP - Snow Plowing, Sanding, and Sweeping Services","2025-0153","10/24/2025 03:00pm","Awarded"
"1784987501-50","https://pbsystem.planetbids.com/portal/48157/bo/bo-search","Diesel Fuel & Winterization Fuel Additive","2025-0158","10/20/2025 03:00pm","Awarded"
"1784987501-51","https://pbsystem.planetbids.com/portal/48157/bo/bo-search","RFP - Drainage Study and Analysis for the El Dorado Drainage Improvement Project #36106004","2025-0128","09/19/2025 03:00pm","Canceled"
"1784987501-52","https://pbsystem.planetbids.com/portal/48157/bo/bo-search","2025/2026 Ford 4x4 with Utility Bed","2025-0152","09/16/2025 03:00pm","Awarded"
"1784987501-53","https://pbsystem.planetbids.com/portal/48157/bo/bo-search","2025/2026 Ford F550 XL Super Cab 4x4 Diesel with Complete Maintainer Utility Bed","2025-0138","09/16/2025 03:00pm","Canceled"
"1784987501-54","https://pbsystem.planetbids.com/portal/48157/bo/bo-search","2025/2026 Chevrolet Silverado 1500 LT 4x4 Crew Cab Short Bed","2025-0150","09/11/2025 03:00pm","Award Pending"
"1784987501-55","https://pbsystem.planetbids.com/portal/48157/bo/bo-search","PlyLok Dining Room Chairs or Equivalent","2025-0151","09/08/2025 03:00pm","Awarded"
"1784987501-56","https://pbsystem.planetbids.com/portal/48157/bo/bo-search","Sign Blanks and Marker Plates","2025-0147","09/08/2025 03:00pm","Awarded"
"1784987501-57","https://pbsystem.planetbids.com/portal/48157/bo/bo-search","RFQ - As-Needed Vehicle Abatement Services","2025-0122","09/02/2025 03:00pm","Closed"
"1784987501-58","https://pbsystem.planetbids.com/portal/48157/bo/bo-search","RFP - Construction Management Services for the Weber Creek Project","2025-0139","08/29/2025 03:00pm","Awarded"
"1784987501-59","https://pbsystem.planetbids.com/portal/48157/bo/bo-search","Washoe Sand for Winter Traction","2025-0143","08/26/2025 03:00pm","Award Pending"
"1784987501-60","https://pbsystem.planetbids.com/portal/48157/bo/bo-search","2025/2026 Subaru Outback Premium","2025-0142","08/26/2025 03:00pm","Awarded"
"1784987501-61","https://pbsystem.planetbids.com/portal/48157/bo/bo-search","2025/2026 Chrysler Pacifica AWD or Equivalent","2025-0148","08/19/2025 03:00pm","Awarded"
"1784987501-62","https://pbsystem.planetbids.com/portal/48157/bo/bo-search","High Performance Cold Patch Mix","2025-0137","08/18/2025 03:00pm","Awarded"
"1784987501-63","https://pbsystem.planetbids.com/portal/48157/bo/bo-search","RFP - As-Needed Landfill Maintenance Services","2025-0120","08/13/2025 03:00pm","Award Pending"
"1784987501-64","https://pbsystem.planetbids.com/portal/48157/bo/bo-search","PlyLok Dining Room Chairs or Equivalent","2025-0141","08/08/2025 03:00pm","Canceled"
"1784987501-65","https://pbsystem.planetbids.com/portal/48157/bo/bo-search","Poly Savi Telecommunications Headset Equipment & Accessories","2025-0136","08/06/2025 03:00pm","Awarded"
"1784987501-66","https://pbsystem.planetbids.com/portal/48157/bo/bo-search","RFQ As-Needed Background Investigation Services","2025-0118","08/01/2025 03:00pm","Award Pending"
"1784987501-67","https://pbsystem.planetbids.com/portal/48157/bo/bo-search","RFP Food Services for El Dorado County Jails","2025-0111","07/29/2025 03:00pm","Awarded"
"1784987501-68","https://pbsystem.planetbids.com/portal/48157/bo/bo-search","Toyota Sienna XLE AWD","2025-0135","07/24/2025 03:00pm","Closed"
"1784987501-69","https://pbsystem.planetbids.com/portal/48157/bo/bo-search","RFQ - As-Needed Sealcoating and Striping Services","2025-0113","07/24/2025 03:00pm","Awarded"
"1784987501-70","https://pbsystem.planetbids.com/portal/48157/bo/bo-search","RFQ - Opioid Remediation Services","2025-0129","07/23/2025 03:00pm","Award Pending"
"1784987501-71","https://pbsystem.planetbids.com/portal/48157/bo/bo-search","Jeep Grand Cherokee Limited 4x4","2025-0134","07/22/2025 03:00pm","Awarded"
"1784987501-72","https://pbsystem.planetbids.com/portal/48157/bo/bo-search","Upfit of three (3) 2026 Freightliner 114SD Chassis into Fully Functional Dump Trucks","2025-0132","07/21/2025 03:00pm","Awarded"
"1784987501-73","https://pbsystem.planetbids.com/portal/48157/bo/bo-search","GUARDRAIL MATERIALS","2025-0131","07/14/2025 03:00pm","Awarded"
"1784987501-74","https://pbsystem.planetbids.com/portal/48157/bo/bo-search","RFP - Environmental Review Services - White Rock Road Widening Project","2025-0125","07/11/2025 03:00pm","Award Pending"
"1784987501-75","https://pbsystem.planetbids.com/portal/48157/bo/bo-search","RFQ - As-Needed Tree and Brush Removal Services","2025-0121","06/27/2025 03:00pm","Award Pending"
"1784987501-76","https://pbsystem.planetbids.com/portal/48157/bo/bo-search","RFQ As-Needed Thermoform PVC Pipe Lining","2025-0116","06/24/2025 03:00pm","Award Pending"
"1784987501-77","https://pbsystem.planetbids.com/portal/48157/bo/bo-search","RFP - Short-Term Rentals Software and Consulting Services","2025-0115","06/11/2025 03:00pm","Award Pending"
"1784987501-78","https://pbsystem.planetbids.com/portal/48157/bo/bo-search","RFQ - As-Needed Road Surface Treatment Services","2025-0119","05/28/2025 03:00pm","Awarded"
"1784987501-79","https://pbsystem.planetbids.com/portal/48157/bo/bo-search","Jeep Compass Latitude 4x4","2025-0126","05/20/2025 03:00pm","Awarded"
"1784987501-80","https://pbsystem.planetbids.com/portal/48157/bo/bo-search","2025-0124 HVAC Filters","2025-0124","05/14/2025 03:00pm","Awarded"
"1784987501-81","https://pbsystem.planetbids.com/portal/48157/bo/bo-search","RFP - Independent Living Program (ILP)","2025-0114","05/09/2025 03:00pm","Award Pending"
"1784987501-82","https://pbsystem.planetbids.com/portal/48157/bo/bo-search","Printing & Productions Services","2025-0117","04/23/2025 03:00pm","Awarded"
"1784987501-83","https://pbsystem.planetbids.com/portal/48157/bo/bo-search","RFP - Psychiatric Health Facility Operation and Management","2025-0104","04/22/2025 03:00pm","Canceled"
"1784987501-84","https://pbsystem.planetbids.com/portal/48157/bo/bo-search","RFP As-Needed Road Materials Truck Hauling Services","2024-0124","04/15/2025 03:00pm","Award Pending"
"1784987501-85","https://pbsystem.planetbids.com/portal/48157/bo/bo-search","RFQ - Senior Travel Services (Domestic and International)","2025-0101","04/01/2025 03:00pm","Awarded"
"1784987501-86","https://pbsystem.planetbids.com/portal/48157/bo/bo-search","RFP - As-Needed Right of Way Services","24-0123","03/26/2025 03:00pm","Awarded"
"1784987501-87","https://pbsystem.planetbids.com/portal/48157/bo/bo-search","Bulk Lubricants","2025-0110","03/20/2025 03:00pm","Awarded"
"1784987501-88","https://pbsystem.planetbids.com/portal/48157/bo/bo-search","Hot Applied Asphalt Cracksealer","2025-0108","03/19/2025 03:00pm","Awarded"
"1784987501-89","https://pbsystem.planetbids.com/portal/48157/bo/bo-search","RFP #2025-0102 Glassy-Winged Sharpshooter Delimitation","2025-0102","03/07/2025 03:00pm","Canceled"
"1784987501-90","https://pbsystem.planetbids.com/portal/48157/bo/bo-search","Surefire Riffle Lights & Aimpoint Riffle Sights","2025-0106","03/07/2025 03:00pm","Awarded"
"1784987501-91","https://pbsystem.planetbids.com/portal/48157/bo/bo-search","RFQ-Construction Management Services for the Weber Creek Project","24-0115","02/25/2025 03:00pm","Canceled"
"1784987501-92","https://pbsystem.planetbids.com/portal/48157/bo/bo-search","RFP - Ambulance Billing Services","24-0121","02/24/2025 03:00pm","Awarded"
"1784987501-93","https://pbsystem.planetbids.com/portal/48157/bo/bo-search","Road Sign Components","2025-0105","02/19/2025 03:00pm","Awarded"
"1784987501-94","https://pbsystem.planetbids.com/portal/48157/bo/bo-search","RFP - Family Urgent Response System (FURS) Mobile Response System and Stabilization Team (MRSST) Services","24-0122","01/31/2025 03:00pm","Canceled"
"1784987501-95","https://pbsystem.planetbids.com/portal/48157/bo/bo-search","RFP - Gardening and Landscape Maintenance Services","24-0114","01/20/2025 03:00pm","Canceled"
"1784987501-96","https://pbsystem.planetbids.com/portal/48157/bo/bo-search","RFP - Master Plan Traffic Operations","24-0111","01/20/2025 03:00pm","Awarded"
"1784987501-97","https://pbsystem.planetbids.com/portal/48157/bo/bo-search","APC SMART UNINTERRUPTIBLE POWER SUPPLY (UPS) BATTERIES & ENCLOSURE","2025-0100","01/15/2025 03:00pm","Awarded"
"1784987501-98","https://pbsystem.planetbids.com/portal/48157/bo/bo-search","2023 Ford Transit Cargo Van Prisoner Transport System Upfit","24-0119","12/20/2024 03:00pm","Awarded"
"1784987501-99","https://pbsystem.planetbids.com/portal/48157/bo/bo-search","RFP - Environmental, Engineering Design, and Traffic Operations Support Services - Country Club Drive","24-0116","12/19/2024 03:00pm","Award Pending"
"1784987501-100","https://pbsystem.planetbids.com/portal/48157/bo/bo-search","RFQ-Electrical, Heating, Ventilation, and Air Conditioning, Elevator, Environmental, Snow Removal, Pest Management, Restoration and Repair, Surveying, Fire Suppression, Arborist, and Roofing Services","#24-0039","12/13/2024 03:00pm","Awarded"
"1784987501-101","https://pbsystem.planetbids.com/portal/48157/bo/bo-search","Equipment / Truck Tires, Tubes, Wheels and Related Products and Services - East and West Slope","24-0075","11/26/2024 03:00pm","Closed"
"1784987501-102","https://pbsystem.planetbids.com/portal/48157/bo/bo-search","RFP - Beverage and Snack Vending Services","24-0104","11/26/2024 03:00pm","Awarded"
"1784987501-103","https://pbsystem.planetbids.com/portal/48157/bo/bo-search","RFQ - Residential Weatherization Services for El Dorado County and Alpine County","24-0101","11/14/2024 03:00pm","Award Pending"
"1784987501-104","https://pbsystem.planetbids.com/portal/48157/bo/bo-search","Centrifuge Control Panels","24-0110","11/13/2024 03:00pm","Canceled"
"1784987501-105","https://pbsystem.planetbids.com/portal/48157/bo/bo-search","Animal Transport Truck Body","24-0107","11/12/2024 03:00pm","Awarded"
"1784987501-106","https://pbsystem.planetbids.com/portal/48157/bo/bo-search","Nissan Altima SV AWD","24-0113","11/08/2024 03:00pm","Awarded"
"1784987501-107","https://pbsystem.planetbids.com/portal/48157/bo/bo-search","RFP As Needed Traffic Engineering and Transportation Planning Services","24-0102","11/08/2024 03:00pm","Award Pending"
"1784987501-108","https://pbsystem.planetbids.com/portal/48157/bo/bo-search","Guide Marker “U” Channel Guide Posts, “U” Channel Sign Posts, Tube Posts and Tube Post Anchors","24-0112","11/07/2024 03:00pm","Awarded"
"1784987501-109","https://pbsystem.planetbids.com/portal/48157/bo/bo-search","Juniper Network Switches","24-0108","11/06/2024 03:00pm","Awarded"
"1784987501-110","https://pbsystem.planetbids.com/portal/48157/bo/bo-search","RFQ - Homelessness Outreach, Prevention, Housing Support and Supportive Services","24-0103","11/06/2024 03:00pm","Award Pending"
"1784987501-111","https://pbsystem.planetbids.com/portal/48157/bo/bo-search","RFP - As Needed Sludge Removal, Transportation, and Disposal Services","24-0109","11/03/2024 03:00pm","Awarded"
"1784987501-112","https://pbsystem.planetbids.com/portal/48157/bo/bo-search","AMMUNITION","24-0074","10/30/2024 03:00pm","Awarded"
"1784987501-113","https://pbsystem.planetbids.com/portal/48157/bo/bo-search","RFQ - Substance Use Disorder Residential Treatment Services","24-0060","10/10/2024 03:00pm","Canceled"
"1784987501-114","https://pbsystem.planetbids.com/portal/48157/bo/bo-search","Plant Mix Asphalt Concrete - East Slope","24-0054","09/12/2024 03:00pm","Awarded"
"1784987501-115","https://pbsystem.planetbids.com/portal/48157/bo/bo-search","RFP Environmental Planning Services for the Shingle Springs El Dorado Trail Class I Improvements Project #36109014","24-0070","08/30/2024 03:00pm","Awarded"
"1784987501-116","https://pbsystem.planetbids.com/portal/48157/bo/bo-search","RFP Environmental Planning Services for the La Canada Drive & Gateway Drive Pedestrian/Bicycle Improvements Project #36109016","24-0071","08/30/2024 03:00pm","Awarded"
"1784987501-117","https://pbsystem.planetbids.com/portal/48157/bo/bo-search","RFP - Tax Consulting Services","24-0100","08/29/2024 03:00pm","Award Pending"
"1784987501-118","https://pbsystem.planetbids.com/portal/48157/bo/bo-search","Fujitsu Document Scanner fi-8170","25-0001","08/19/2024 03:00pm","Awarded"
"1784987501-119","https://pbsystem.planetbids.com/portal/48157/bo/bo-search","RFP - As-Needed Environmental Review Services","24-0065","08/16/2024 03:00pm","Award Pending"
"1784987501-120","https://pbsystem.planetbids.com/portal/48157/bo/bo-search","Level 3 Electric Vehicle Supply Equipment","24-0069","08/14/2024 03:00pm","Awarded"
"1784987501-121","https://pbsystem.planetbids.com/portal/48157/bo/bo-search","RFP Professional Occupational Health Consulting Services","24-0068","08/12/2024 03:00pm","Awarded"
"1784987501-122","https://pbsystem.planetbids.com/portal/48157/bo/bo-search","Guide Marker “U” Channel Guide Posts, “U” Channel Sign Posts, Tube Posts and Tube Post Anchors","24-0046","08/07/2024 03:00pm","Canceled"
"1784987501-123","https://pbsystem.planetbids.com/portal/48157/bo/bo-search","RFP - Drug Medi-Cal Organized Delivery System ASAM Levels 3.1 and 3.5 Clinically Managed Residential Treatment Services","23-952-077","07/31/2024 05:00pm","Canceled"
"1784987501-124","https://pbsystem.planetbids.com/portal/48157/bo/bo-search","Avaya IP Phone J179","24-0072","07/30/2024 03:00pm","Awarded"
"1784987501-125","https://pbsystem.planetbids.com/portal/48157/bo/bo-search","Bass Lake at Bridlewood Roundabout Design Project","24-0055","07/23/2024 03:00pm","Award Pending"
"1784987501-126","https://pbsystem.planetbids.com/portal/48157/bo/bo-search","RFP - Electronic Document Management System and Document Scanning","24-0032","07/12/2024 03:00pm","Award Pending"
"1784987501-127","https://pbsystem.planetbids.com/portal/48157/bo/bo-search","RFI - Probation Services and Institutions Case Management System","24-0061","07/01/2024 05:00pm","Closed"
"1784987501-128","https://pbsystem.planetbids.com/portal/48157/bo/bo-search","RFQ - Planning and Building Consulting Services","24-0052","06/28/2024 03:00pm","Awarded"
"1784987501-129","https://pbsystem.planetbids.com/portal/48157/bo/bo-search","RFQ - Funeral, Mortuary, Burial and Cremation Services","24-0057","06/28/2024 03:00pm","Award Pending"
"1784987501-130","https://pbsystem.planetbids.com/portal/48157/bo/bo-search","RFQ - Youth Specialty Mental Health Services (SMHS)","24-0051","06/24/2024 03:00pm","Awarded"
"1784987501-131","https://pbsystem.planetbids.com/portal/48157/bo/bo-search","Prisoner Transport Upfit","24-0066","06/19/2024 03:00pm","Awarded"
"1784987501-132","https://pbsystem.planetbids.com/portal/48157/bo/bo-search","Above Ground Fuel Tanks","24-0067","06/12/2024 03:00pm","Awarded"
"1784987501-133","https://pbsystem.planetbids.com/portal/48157/bo/bo-search","RFP - Construction Support Services for the Diamond Springs Parkway - Phase 1B Project #36105011","24-958-040","06/12/2024 03:00pm","Awarded"
"1784987501-134","https://pbsystem.planetbids.com/portal/48157/bo/bo-search","RFQ Janitorial Services","24-0043","06/07/2024 03:00pm","Awarded"
"1784987501-135","https://pbsystem.planetbids.com/portal/48157/bo/bo-search","EMULSION: SS-1H and PMCRS-2H","24-0059","05/31/2024 03:00pm","Awarded"
"1784987501-136","https://pbsystem.planetbids.com/portal/48157/bo/bo-search","RFP - Audit Services for the Examination of Annual Financial Statements","24-0058","05/27/2024 03:00pm","Award Pending"
"1784987501-137","https://pbsystem.planetbids.com/portal/48157/bo/bo-search","RFQ Behavioral Health Crisis Intervention Services","24-0037","05/24/2024 03:00pm","Awarded"
"1784987501-138","https://pbsystem.planetbids.com/portal/48157/bo/bo-search","RFQ - Mental Health Block Grant, Dialectical Behavior Therapy and Transitional Age Youth First Episode Psychosis Services","#24-0047","05/13/2024 03:00pm","Award Pending"
"1784987501-139","https://pbsystem.planetbids.com/portal/48157/bo/bo-search","Ford Transit, AWD, T-350, 15-Passenger Van w/High Roof","24-0053","05/08/2024 03:00pm","Closed"
"1784987501-140","https://pbsystem.planetbids.com/portal/48157/bo/bo-search","Ford Transit T350 AWD","24-0049","05/01/2024 03:00pm","Awarded"
"1784987501-141","https://pbsystem.planetbids.com/portal/48157/bo/bo-search","Fleet Tires","24-0048","04/17/2024 03:00pm","Awarded"
"1784987501-142","https://pbsystem.planetbids.com/portal/48157/bo/bo-search","RFQ - Continuum of Care Technical Assistance Consultant","24-0036","04/16/2024 03:00pm","Awarded"
"1784987501-143","https://pbsystem.planetbids.com/portal/48157/bo/bo-search","Environmental Health/Air Quality Permit and Data Management System Software Solution","24-0033","04/12/2024 03:00pm","Award Pending"
"1784987501-144","https://pbsystem.planetbids.com/portal/48157/bo/bo-search","RFQ - Navigation Center Operations and Meal Services","24-952-039","04/05/2024 03:00pm","Award Pending"
"1784987501-145","https://pbsystem.planetbids.com/portal/48157/bo/bo-search","Fiber Food Trays, Sealing Film & Sealing Equipment Rental","24-0041","03/29/2024 03:00pm","Awarded"
"1784987501-146","https://pbsystem.planetbids.com/portal/48157/bo/bo-search","RFP - Clinically Managed Residential Withdrawal Management Services ASAM Level 3.2 Services","22-952-050","03/29/2024 03:00pm","Canceled"
"1784987501-147","https://pbsystem.planetbids.com/portal/48157/bo/bo-search","Tenable Vulnerability Management","24-0042","03/22/2024 03:00pm","Awarded"
"1784987501-148","https://pbsystem.planetbids.com/portal/48157/bo/bo-search","RFQ - As-Needed Solid Waste, Landfill, and Wastewater Treatment Plant General Engineering and Construction Quality Assurance Services","24-0034","03/22/2024 03:00pm","Award Pending"
"1784987501-149","https://pbsystem.planetbids.com/portal/48157/bo/bo-search","RFQ - As-Needed and Emergency Vacant or Damaged Structure Securing and Demolition Services","#24-0029","03/21/2024 03:00pm","Awarded"
"1784987501-150","https://pbsystem.planetbids.com/portal/48157/bo/bo-search","RFP - County Service Areas 3 & 7 Audit Services","24-0030","03/12/2024 03:00pm","Award Pending"
"1784987501-151","https://pbsystem.planetbids.com/portal/48157/bo/bo-search","Chevrolet Colorado 4 Wheel Drive Trucks","24-0035","03/06/2024 03:00pm","Awarded"
"1784987501-152","https://pbsystem.planetbids.com/portal/48157/bo/bo-search","RFP - As-Needed Weed Abatement Services in Various County Service Area Road Zones of Benefit","24-988-039","03/04/2024 03:00pm","Awarded"
"1784987501-153","https://pbsystem.planetbids.com/portal/48157/bo/bo-search","RFQ - As-needed Road Maintenance in Various County Service Area Road Zones of Benefit","24-913-038","03/01/2024 03:00pm","Award Pending"
"1784987501-154","https://pbsystem.planetbids.com/portal/48157/bo/bo-search","RFQ - Various As-Needed Services","#24-961-002","02/23/2024 03:00pm","Canceled"
"1784987501-155","https://pbsystem.planetbids.com/portal/48157/bo/bo-search","RFP - Environmental Planning Services for the Henningsen/Lotus Road Class I Multi-Use Trail Project #36109015","24-925-037","02/22/2024 03:00pm","Awarded"
"1784987501-156","https://pbsystem.planetbids.com/portal/48157/bo/bo-search","Office Furniture","24-0028","02/16/2024 03:00pm","Awarded"
"1784987501-157","https://pbsystem.planetbids.com/portal/48157/bo/bo-search","RFP - Weber Creek Environmental Hazard Review","24-918-021","02/16/2024 03:00pm","Awarded"
"1784987501-158","https://pbsystem.planetbids.com/portal/48157/bo/bo-search","Traffic Control Items","24-0027","02/07/2024 03:00pm","Awarded"
"1784987501-159","https://pbsystem.planetbids.com/portal/48157/bo/bo-search","RFP - Construction Management, Material Testing, and Surveying Support Services for the Pioneer Trail Roundabout Construction Project","24-958-031","02/05/2024 03:00pm","Award Pending"
"1784987501-160","https://pbsystem.planetbids.com/portal/48157/bo/bo-search","RFP - Auctioneer Services of County Surplus Property","24-962-034","01/25/2024 03:00pm","Awarded"
"1784987501-161","https://pbsystem.planetbids.com/portal/48157/bo/bo-search","RFP - Construction Support Services for the El Dorado Trail - Missouri Flat Road Bike/Pedestrian Overcrossing Phase 2 Project #36109002","24-958-035","01/19/2024 03:00pm","Award Pending"
"1784987501-162","https://pbsystem.planetbids.com/portal/48157/bo/bo-search","RFQ - As-Needed Workplace Investigation Services","24-918-029","01/12/2024 03:00pm","Award Pending"
"1784987501-163","https://pbsystem.planetbids.com/portal/48157/bo/bo-search","RFP - As-Needed Geological, Geotechnical, Hydraulic, and Hydrologic Engineering Support Services","24-925-019","01/03/2024 03:00pm","Award Pending"
"1784987501-164","https://pbsystem.planetbids.com/portal/48157/bo/bo-search","Dell CAD Computers","24-204-038","12/22/2023 03:00pm","Awarded"
"1784987501-165","https://pbsystem.planetbids.com/portal/48157/bo/bo-search","RFP - Integrated Library Software and Online Public Access Catalog","24-956-022","12/22/2023 03:00pm","Award Pending"
"1784987501-166","https://pbsystem.planetbids.com/portal/48157/bo/bo-search","Two (2) Above Ground Fuel Storage Tanks & Dispensing Systesms","24-830-017","12/22/2023 03:00pm","Canceled"
"1784987501-167","https://pbsystem.planetbids.com/portal/48157/bo/bo-search","2023 Chrysler Pacifica Touring L AWD","24-071-035","12/20/2023 03:00pm","Awarded"
"1784987501-168","https://pbsystem.planetbids.com/portal/48157/bo/bo-search","Road Salt and Sea Salt","24-292-033","12/15/2023 03:00pm","Closed"
"1784987501-169","https://pbsystem.planetbids.com/portal/48157/bo/bo-search","RFP - As-Needed Moving Services, and Surplus Collection and Disposal Services","24-961-029","12/08/2023 03:00pm","Award Pending"
"1784987501-170","https://pbsystem.planetbids.com/portal/48157/bo/bo-search","RFQ - Coordinated Entry System","24-952-021","12/04/2023 03:00pm","Awarded"
"1784987501-171","https://pbsystem.planetbids.com/portal/48157/bo/bo-search","RFI - Electronic Document Management System","24-958-030","11/21/2023 03:00pm","Closed"
"1784987501-172","https://pbsystem.planetbids.com/portal/48157/bo/bo-search","RFQ - Jurisdictional Reorganization Consultant","24-918-024","11/17/2023 03:00pm","Closed"
"1784987501-173","https://pbsystem.planetbids.com/portal/48157/bo/bo-search","Panasonic Network Cameras","24-655-018","11/09/2023 03:00pm","Awarded"
"1784987501-174","https://pbsystem.planetbids.com/portal/48157/bo/bo-search","Law Enforcement Duty & Safety Gear","24-680-026","11/09/2023 03:00pm","Awarded"
"1784987501-175","https://pbsystem.planetbids.com/portal/48157/bo/bo-search","Extreme Networks Switches","24-204-020","11/08/2023 03:00pm","Awarded"
"1784987501-176","https://pbsystem.planetbids.com/portal/48157/bo/bo-search","New & Refurbished Surveying Equipment & Accessories","24-305-025","11/08/2023 03:00pm","Awarded"
"1784987501-177","https://pbsystem.planetbids.com/portal/48157/bo/bo-search","RFP-Environmental Review for the Bridlewood Roundabout Project","24-925-010","11/06/2023 03:00pm","Awarded"
"1784987501-178","https://pbsystem.planetbids.com/portal/48157/bo/bo-search","RFP - Western El Dorado County Community Wildfire Protection Plan","24-918-013","11/03/2023 03:00pm","Awarded"
"1784987501-179","https://pbsystem.planetbids.com/portal/48157/bo/bo-search","RFP - Time and Attendance Management System","24-961-015","11/03/2023 03:00pm","Award Pending"
"1784987501-180","https://pbsystem.planetbids.com/portal/48157/bo/bo-search","RFQ - As-Needed Broadband Design and Engineering Services","24-925-007","10/27/2023 03:00pm","Awarded"
"1784987501-181","https://pbsystem.planetbids.com/portal/48157/bo/bo-search","AMMUNITION","24-680-016","10/25/2023 03:00pm","Awarded"
"1784987501-182","https://pbsystem.planetbids.com/portal/48157/bo/bo-search","Two (2) Turn-key Above Ground Fuel Storage Tanks & Dispensing Systems","24-830-017","10/20/2023 03:00pm","Canceled"
"1784987501-183","https://pbsystem.planetbids.com/portal/48157/bo/bo-search","RFP - As-Needed Material Testing Support Services","24-926-005","10/12/2023 03:00pm","Awarded"
"1784987501-184","https://pbsystem.planetbids.com/portal/48157/bo/bo-search","RFQ - Maintenance and Repair of Traffic Signals and Associated Equipment","24-939-012","10/11/2023 03:00pm","Awarded"
"1784987501-185","https://pbsystem.planetbids.com/portal/48157/bo/bo-search","2023/24 Hybrid All-Wheel Drive/4 Wheel Drive, Midsize Sport Utility Vehicle, 4-Door","24-071-014","10/04/2023 03:00pm","Awarded"
"1784987501-186","https://pbsystem.planetbids.com/portal/48157/bo/bo-search","RFI - Public-Private Partnership for Broadband Initiative","24-918-011","09/25/2023 03:00pm","Closed"
"1784987501-187","https://pbsystem.planetbids.com/portal/48157/bo/bo-search","RFP - As-needed Equipment, Truck, and Auto Body Work and Painting Services for the West Slope","24-928-003","09/20/2023 03:00pm","Awarded"
"1784987501-188","https://pbsystem.planetbids.com/portal/48157/bo/bo-search","El Dorado County Water Agency - RFQ - Vendor Pool for Professional Water Resources Technical Services","2023-101","09/13/2023 01:00pm","Closed"
"1784987501-189","https://pbsystem.planetbids.com/portal/48157/bo/bo-search","Electronic Helicopter Tug","24-060-009","09/12/2023 03:00pm","Awarded"
"1784987501-190","https://pbsystem.planetbids.com/portal/48157/bo/bo-search","RFQ - As-Needed Plan Check and Building Inspection Services","23-961-082","09/08/2023 03:00pm","Awarded"
"1784987501-191","https://pbsystem.planetbids.com/portal/48157/bo/bo-search","RFP - Registered Dietitian Services","23-952-069","09/01/2023 03:00pm","Canceled"
"1784987501-192","https://pbsystem.planetbids.com/portal/48157/bo/bo-search","Avaya Communications Equipment","24-725-005","08/22/2023 03:00pm","Closed"
"1784987501-193","https://pbsystem.planetbids.com/portal/48157/bo/bo-search","ITB - Electric Vehicle Supply Equipment Replacement, Maintenance, Billing, and Customer Service","23-918-053","08/18/2023 03:00pm","Awarded"
"1784987501-194","https://pbsystem.planetbids.com/portal/48157/bo/bo-search","RFP - As-Needed Structural Engineering Support Services","23-918-079","08/18/2023 03:00pm","Awarded"
"1784987501-195","https://pbsystem.planetbids.com/portal/48157/bo/bo-search","RFP - Homeless Point-In-Time and Housing Inventory Count Services","23-918-082","08/15/2023 03:00pm","Awarded"
"1784987501-196","https://pbsystem.planetbids.com/portal/48157/bo/bo-search","Telecommunications Headset Equipment & Accessories","24-725-001","08/09/2023 03:00pm","Awarded"
"1784987501-197","https://pbsystem.planetbids.com/portal/48157/bo/bo-search","RFP - Disaster Case Management Program","23-952-078","08/07/2023 03:00pm","Canceled"
"1784987501-198","https://pbsystem.planetbids.com/portal/48157/bo/bo-search","RFP - As-Needed Surveying Support Services","23-918-080","08/04/2023 03:00pm","Awarded"
"1784987501-199","https://pbsystem.planetbids.com/portal/48157/bo/bo-search","RFP - Local Hazard Mitigation Plan","23-990-071","07/21/2023 03:00pm","Awarded"
"1784987501-200","https://pbsystem.planetbids.com/portal/48157/bo/bo-search","Ops Core Fast SF Helmets","23-680-082","07/20/2023 03:00pm","Awarded"
"1784987501-201","https://pbsystem.planetbids.com/portal/48157/bo/bo-search","Tactical Body Armor and Ballistic Helmets","23-680-081","07/19/2023 03:00pm","Awarded"
"1784987501-202","https://pbsystem.planetbids.com/portal/48157/bo/bo-search","RFQ - Mental Health Service Act Housing Consultant","23-952-070","07/19/2023 03:00pm","Canceled"
"1784987501-203","https://pbsystem.planetbids.com/portal/48157/bo/bo-search","RFP - Aviation Fuel and Related Services","23-405-064","07/14/2023 03:00pm","Awarded"
"1784987501-204","https://pbsystem.planetbids.com/portal/48157/bo/bo-search","RFQ - As-Needed Professional Architectural, Engineering, and Construction Management Consulting Services","23-918-072","07/13/2023 03:00pm","Awarded"
"1784987501-205","https://pbsystem.planetbids.com/portal/48157/bo/bo-search","RFP - Independent Living Program","23-952-073","07/07/2023 03:00pm","Awarded"
"1784987501-206","https://pbsystem.planetbids.com/portal/48157/bo/bo-search","RFP - Fixed Modulation Internet Protocol Transport Microwave System","23-725-063","07/07/2023 03:00pm","Awarded"
"1784987501-207","https://pbsystem.planetbids.com/portal/48157/bo/bo-search","RFP - Mobile Food Vendors for Various County Parks","23-393-062","06/30/2023 03:00pm","Awarded"
"1784987501-208","https://pbsystem.planetbids.com/portal/48157/bo/bo-search","Veracode Software","23-209-075","06/14/2023 03:00pm","Awarded"
"1784987501-209","https://pbsystem.planetbids.com/portal/48157/bo/bo-search","ERGOTRON SIT-STAND UNITS & ACCESSORIES","23-425-076","06/09/2023 03:00pm","Awarded"
"1784987501-210","https://pbsystem.planetbids.com/portal/48157/bo/bo-search","RFQ - Domestic Violence Shelter Based Program","23-918-061","05/31/2023 03:00pm","Awarded"
"1784987501-211","https://pbsystem.planetbids.com/portal/48157/bo/bo-search","PRINTED BUSINESS & CATALOG ENVELOPES","23-310-068","05/22/2023 03:00pm","Awarded"
"1784987501-212","https://pbsystem.planetbids.com/portal/48157/bo/bo-search","HERBICIDES","23-675-066","05/15/2023 03:00pm","Awarded"
"1784987501-213","https://pbsystem.planetbids.com/portal/48157/bo/bo-search","RFP - Economic Development Study for County Owned Airports","23-918-054","05/12/2023 03:00pm","Awarded"
"1784987501-214","https://pbsystem.planetbids.com/portal/48157/bo/bo-search","JANITORIAL SUPPLIES","23-485-060","05/10/2023 03:00pm","Award Pending"
"1784987501-215","https://pbsystem.planetbids.com/portal/48157/bo/bo-search","RFP - Drug Medi-Cal Organized Delivery System - ASAM Level 3.1 and Level 3.5 Services","22-952-042","05/10/2023 01:00pm","Awarded"
"1784987501-216","https://pbsystem.planetbids.com/portal/48157/bo/bo-search","RFP - Federal Title IV-E Assistance and Administrative Claims","23-946-054","05/05/2023 03:00pm","Awarded"
"1784987501-217","https://pbsystem.planetbids.com/portal/48157/bo/bo-search","RFP - Land Development Project Services","23-961-044","05/05/2023 03:00pm","Awarded"
"1784987501-218","https://pbsystem.planetbids.com/portal/48157/bo/bo-search","Propane - West Slope","23-405-059","04/28/2023 03:00pm","Awarded"
"1784987501-219","https://pbsystem.planetbids.com/portal/48157/bo/bo-search","Network Switches and Accessories","23-204-058","04/27/2023 03:00pm","Awarded"
"1784987501-220","https://pbsystem.planetbids.com/portal/48157/bo/bo-search","Bobcat R Series T86 Compact Track Loader","23-760-065","04/25/2023 03:00pm","Awarded"
"1784987501-221","https://pbsystem.planetbids.com/portal/48157/bo/bo-search","RFP - As-Needed Construction Support Services","23-961-043","04/17/2023 03:00pm","Awarded"
"1784987501-222","https://pbsystem.planetbids.com/portal/48157/bo/bo-search","RFQ - Project Management Services","23-918-050","04/14/2023 03:00pm","Awarded"
"1784987501-223","https://pbsystem.planetbids.com/portal/48157/bo/bo-search","RFP - As-Needed Civil Design Support Services","#23-925-040","04/14/2023 03:00pm","Awarded"
"1784987501-224","https://pbsystem.planetbids.com/portal/48157/bo/bo-search","RFP - As-Needed Computer-Aided Drafting & Design (CADD)","#23-550-039","04/14/2023 03:00pm","Awarded"
"1784987501-225","https://pbsystem.planetbids.com/portal/48157/bo/bo-search","RFP - Uniform Rental and Laundry Services","23-200-021","04/10/2023 03:00pm","Canceled"
"1784987501-226","https://pbsystem.planetbids.com/portal/48157/bo/bo-search","Polaris General XP 4 1000 Premium Model","23-070-057","04/07/2023 03:00pm","Awarded"
"1784987501-227","https://pbsystem.planetbids.com/portal/48157/bo/bo-search","RFP - Asset Management Software System","23-209-046","04/07/2023 03:00pm","Awarded"
"1784987501-228","https://pbsystem.planetbids.com/portal/48157/bo/bo-search","RFP - Project-Based Voucher Program","23-952-029","04/07/2023 03:00pm","Awarded"
"1784987501-229","https://pbsystem.planetbids.com/portal/48157/bo/bo-search","RFQ - Mental Health Services Act (MHSA) Prevention and Early Intervention (PEI) Services","23-952-052","04/03/2023 03:00pm","Awarded"
"1784987501-230","https://pbsystem.planetbids.com/portal/48157/bo/bo-search","RFQ - Temporary/Emergency Lodging Services","23-952-034","03/24/2023 03:00pm","Canceled"
"1784987501-231","https://pbsystem.planetbids.com/portal/48157/bo/bo-search","Polaris General XP 4 1000 or Equivalent","23-070-049","03/06/2023 03:00pm","Canceled"
"1784987501-232","https://pbsystem.planetbids.com/portal/48157/bo/bo-search","Aggregate Base Materials - West Slope","23-288-048","02/28/2023 03:00pm","Award Pending"
"1784987501-233","https://pbsystem.planetbids.com/portal/48157/bo/bo-search","Plant Mix Asphalt Concrete - West Slope","23-288-047","02/27/2023 03:00pm","Award Pending"
"1784987501-234","https://pbsystem.planetbids.com/portal/48157/bo/bo-search","Network Switches","23-204-045","02/23/2023 03:20pm","Awarded"
"1784987501-235","https://pbsystem.planetbids.com/portal/48157/bo/bo-search","Culverts Pipes and Couplers","23-293-042","02/22/2023 03:00pm","Awarded"
"1784987501-236","https://pbsystem.planetbids.com/portal/48157/bo/bo-search","Waterborne Traffic Line Paint","23-630-041","02/13/2023 03:00pm","Award Pending"
"1784987501-237","https://pbsystem.planetbids.com/portal/48157/bo/bo-search","RFQ - Design-Build Services - Recovery, Rehabilitation and Reentry Facility Project","23-906-030","01/31/2023 03:00pm","Awarded"
"1784987501-238","https://pbsystem.planetbids.com/portal/48157/bo/bo-search","Tactical Jacket","23-680-037","01/18/2023 03:00pm","Awarded"
"1784987501-239","https://pbsystem.planetbids.com/portal/48157/bo/bo-search","RFP - Environmental Update and Design Services for the US 50 / Ponderosa Road Interchange Improvements","23-925-027","01/17/2023 03:00pm","Awarded"
"1784987501-240","https://pbsystem.planetbids.com/portal/48157/bo/bo-search","RFP - Environmental Update and Design Services for the United States Highway 50 / Latrobe Road / El Dorado Hills Boulevard Interchange Improvements","23-925-028","01/17/2023 03:00pm","Awarded"
"1784987501-241","https://pbsystem.planetbids.com/portal/48157/bo/bo-search","RFP - Software-as-a-Services (SaaS) Grants Management System","23-918-033","01/16/2023 03:00pm","Awarded"
"1784987501-242","https://pbsystem.planetbids.com/portal/48157/bo/bo-search","BALLISTIC VEST","23-680-036","01/09/2023 03:00pm","Award Pending"
"1784987501-243","https://pbsystem.planetbids.com/portal/48157/bo/bo-search","RFQ - Construction Project Management Services - El Dorado County Recovery, Rehabilitation, and Re-Entry Facility (Placerville Jail Expansion)","23-968-022","01/05/2023 03:00pm","Canceled"
"1784987501-244","https://pbsystem.planetbids.com/portal/48157/bo/bo-search","RFP - Tax Bill Design, Printing, and Processing Services","23-966-020","01/04/2023 03:00pm","Awarded"
"1784987501-245","https://pbsystem.planetbids.com/portal/48157/bo/bo-search","(4) Yamaha WaveRunner FX Cruiser SVHO & (2) Tandem Trailers","23-120-031","12/12/2022 03:00pm","Award Pending"
"1784987501-246","https://pbsystem.planetbids.com/portal/48157/bo/bo-search","Grader & Truck Chains, Hooks & Fasteners - East & West Slopes","23-055-025","11/21/2022 03:00pm","Award Pending"
"1784987501-247","https://pbsystem.planetbids.com/portal/48157/bo/bo-search","Cutting Edge","23-760-024","11/16/2022 03:00pm","Awarded"
"1784987501-248","https://pbsystem.planetbids.com/portal/48157/bo/bo-search","RFP - Snow Plowing and Road Sanding Services","22-292-067","11/07/2022 03:00pm","Awarded"
"1784987501-249","https://pbsystem.planetbids.com/portal/48157/bo/bo-search","Drug Medi-Cal Organized Delivery System (DMC-ODS) Substance Use Disorder Services (SUDS)","22-952-009","10/31/2022 04:00pm","Closed"
"1784987501-250","https://pbsystem.planetbids.com/portal/48157/bo/bo-search","RFP - Housing, Community, and Economic Development (HCED) Program Administration","23-918-015","10/28/2022 03:00pm","Awarded"
"1784987501-251","https://pbsystem.planetbids.com/portal/48157/bo/bo-search","High Performance Cold Patch Mix","23-288-016","10/07/2022 03:00pm","Awarded"
"1784987501-252","https://pbsystem.planetbids.com/portal/48157/bo/bo-search","RFI - Concessionare at Chili Bar","23-961-014","10/07/2022 03:00pm","Closed"
"1784987501-253","https://pbsystem.planetbids.com/portal/48157/bo/bo-search","RFI - Asset Management System Software","23-918-009","09/30/2022 03:00pm","Closed"
"1784987501-254","https://pbsystem.planetbids.com/portal/48157/bo/bo-search","RFP - Household Hazardous Waste Services","23-926-008","09/23/2022 03:00pm","Awarded"
"1784987501-255","https://pbsystem.planetbids.com/portal/48157/bo/bo-search","Washoe Sand","23-292-003","09/22/2022 03:00pm","Awarded"
"1784987501-256","https://pbsystem.planetbids.com/portal/48157/bo/bo-search","AVAYA IP PHONE J179","23-725-010","09/19/2022 03:00pm","Awarded"
"1784987501-257","https://pbsystem.planetbids.com/portal/48157/bo/bo-search","Sign Blanks and Marker Plates","23-801-004","09/07/2022 03:00pm","Awarded"
"1784987501-258","https://pbsystem.planetbids.com/portal/48157/bo/bo-search","RFP - Food and Beverage Services at the Placerville Library","22-393-060","08/31/2022 03:00pm","Canceled"
"1784987501-259","https://pbsystem.planetbids.com/portal/48157/bo/bo-search","RFP - Caldor Fire Right-of-Way Tree Removal Services","22-918-068","08/29/2022 03:00pm","Awarded"
"1784987501-260","https://pbsystem.planetbids.com/portal/48157/bo/bo-search","RFP - Caldor Fire Right-of-Way Hazardous Tree Removal Debris Monitoring","23-958-005","08/26/2022 03:00pm","Awarded"
"1784987501-261","https://pbsystem.planetbids.com/portal/48157/bo/bo-search","Zoll AED 3 Automated External Defibrillator and Accessories","23-465-006","08/24/2022 03:00pm","Awarded"
"1784987501-262","https://pbsystem.planetbids.com/portal/48157/bo/bo-search","Ammunition - Hornady","23-680-007","08/12/2022 03:00pm","Awarded"
"1784987501-263","https://pbsystem.planetbids.com/portal/48157/bo/bo-search","RFP - Substance Use - Recovery Residences","22-952-058","08/03/2022 03:00pm","Closed"
"1784987501-264","https://pbsystem.planetbids.com/portal/48157/bo/bo-search","RFP - Environmental and Engineering Consulting Services for the South Tahoe Greenway - Upper Truckee River Bridge at Johnson Meadow Project","22-925-065","07/29/2022 03:00pm","Awarded"
"1784987501-265","https://pbsystem.planetbids.com/portal/48157/bo/bo-search","RFQ - Code Enforcement Hearing Officer Services","22-918-043","07/19/2022 03:00pm","Awarded"
"1784987501-266","https://pbsystem.planetbids.com/portal/48157/bo/bo-search","RFP - Insurance Recovery Services","22-918-064","07/13/2022 03:00pm","Awarded"
"1784987501-267","https://pbsystem.planetbids.com/portal/48157/bo/bo-search","RFP - Landfill Maintenance Services","22-988-063","07/08/2022 03:00pm","Awarded"
"1784987501-268","https://pbsystem.planetbids.com/portal/48157/bo/bo-search","Guardrail Materials","22-290-066","07/06/2022 03:00pm","Awarded"
"1784987501-269","https://pbsystem.planetbids.com/portal/48157/bo/bo-search","RFQ - Emergency Medical Services System Evaluation and Strategic Plan","22-918-056","06/30/2022 03:00pm","Awarded"
"1784987501-270","https://pbsystem.planetbids.com/portal/48157/bo/bo-search","RFP - General Engineering & Construction Quality Assurance Services for the Union Mine Wastewater Treatment Plant","22-918-052","06/10/2022 03:00pm","Awarded"
"1784987501-271","https://pbsystem.planetbids.com/portal/48157/bo/bo-search","AMMUNITION","22-680-057","06/06/2022 03:00pm","Awarded"
"1784987501-272","https://pbsystem.planetbids.com/portal/48157/bo/bo-search","Motorola XPR 7550e Radios","22-725-061","06/03/2022 03:00pm","Awarded"
"1784987501-273","https://pbsystem.planetbids.com/portal/48157/bo/bo-search","22-405-040 Bulk Lubricants","22-405-040","05/13/2022 03:00pm","Awarded"
"1784987501-274","https://pbsystem.planetbids.com/portal/48157/bo/bo-search","22-289-045 Model 332L Signal Controllers","22-289-045","05/12/2022 03:00pm","Awarded"
"1784987501-275","https://pbsystem.planetbids.com/portal/48157/bo/bo-search","Hot Applied Asphalt Cracksealer","22-288-038","05/11/2022 03:00pm","Awarded"
"1784987501-276","https://pbsystem.planetbids.com/portal/48157/bo/bo-search","Cisco or Extreme Networks - Layer Two Network Switch Equipment","22-204-055","05/06/2022 03:00pm","Awarded"
"1784987501-277","https://pbsystem.planetbids.com/portal/48157/bo/bo-search","RFP - Family Urgent Response System (FURS) Mobile Response System and Stabilization Team (MRSST) Services","22-918-049","05/02/2022 03:00pm","Awarded"
"1784987501-278","https://pbsystem.planetbids.com/portal/48157/bo/bo-search","FUJITSU DOCUMENT SCANNERS","22-204-051","04/29/2022 03:00pm","Awarded"
"1784987501-279","https://pbsystem.planetbids.com/portal/48157/bo/bo-search","RFQ - As-Needed Road Surface Treatment Services","22-968-047","04/29/2022 03:00pm","Awarded"
"1784987501-280","https://pbsystem.planetbids.com/portal/48157/bo/bo-search","RFQ - As-Needed Tree and Brush Removal Services","22-968-044","04/29/2022 03:00pm","Awarded"
"1784987501-281","https://pbsystem.planetbids.com/portal/48157/bo/bo-search","RFP - Pre-Employment Medical Testing Services","22-961-048","04/29/2022 03:00pm","Canceled"
"1784987501-282","https://pbsystem.planetbids.com/portal/48157/bo/bo-search","RFP - Substance Use - Recovery Residences","22-952-032","04/25/2022 03:00pm","Canceled"
"1784987501-283","https://pbsystem.planetbids.com/portal/48157/bo/bo-search","RFP - Drug Medi-Cal Organized Delivery System (Clinically Managed Residential Services for Adults)","22-952-021","04/25/2022 03:00pm","Canceled"
"1784987501-284","https://pbsystem.planetbids.com/portal/48157/bo/bo-search","FUJITSU DOCUMENT SCANNER fi-7160","22-204-046","03/28/2022 03:00pm","Canceled"
"1784987501-285","https://pbsystem.planetbids.com/portal/48157/bo/bo-search","RFP - Website Redesign and Site Management Services","22-915-037","03/18/2022 03:00pm","Awarded"
"1784987501-286","https://pbsystem.planetbids.com/portal/48157/bo/bo-search","Getac F110 G6 Tablets & Docking Stations","22-204-041","03/07/2022 03:00pm","Awarded"
"1784987501-287","https://pbsystem.planetbids.com/portal/48157/bo/bo-search","RFP - After-Hours Emergency Telephone Answering Services","22-915-030","03/07/2022 03:00pm","Awarded"
"1784987501-288","https://pbsystem.planetbids.com/portal/48157/bo/bo-search","RFP - Drug Medi-Cal Organized Delivery System - Clinically Managed Residential Withdrawal Management ASAM Level 3.2 Services","22-952-028","03/07/2022 03:00pm","Canceled"
"1784987501-289","https://pbsystem.planetbids.com/portal/48157/bo/bo-search","Office Supplies","21-615-048","03/01/2022 03:00pm","Awarded"
"1784987501-290","https://pbsystem.planetbids.com/portal/48157/bo/bo-search","RFQ - Residential Weatherization Services","22-918-027","02/23/2022 03:00pm","Awarded"
"1784987501-291","https://pbsystem.planetbids.com/portal/48157/bo/bo-search","Compact Track Loader","22-760-039","02/22/2022 03:00pm","Awarded"
"1784987501-292","https://pbsystem.planetbids.com/portal/48157/bo/bo-search","Special Response Vest with Soft Armor","22-680-036","02/16/2022 03:00pm","Awarded"
"1784987501-293","https://pbsystem.planetbids.com/portal/48157/bo/bo-search","RFP - Pre-Employment Medical Testing Services","22-961-029","02/07/2022 03:00pm","Canceled"
"1784987501-294","https://pbsystem.planetbids.com/portal/48157/bo/bo-search","RFQ - Homelessness Outreach, Prevention, Housing Supports & Supportive Services","22-952-033","02/04/2022 03:00pm","Awarded"
"1784987501-295","https://pbsystem.planetbids.com/portal/48157/bo/bo-search","Compact Track Loader","22-760-035","01/31/2022 03:00pm","Canceled"
"1784987501-296","https://pbsystem.planetbids.com/portal/48157/bo/bo-search","(4) Yamaha WaveRunners FX Cruiser SVHO & (2) Tandem Trailers","22-120-031","01/21/2022 03:00pm","Closed"
"1784987501-297","https://pbsystem.planetbids.com/portal/48157/bo/bo-search","RFP - Gardening and Landscape Maintenance Services","22-918-024","01/13/2022 03:00pm","Awarded"
"1784987501-298","https://pbsystem.planetbids.com/portal/48157/bo/bo-search","RFP - Local Roadway Safety Plan","22-918-016","01/10/2022 03:00pm","Awarded"
"1784987501-299","https://pbsystem.planetbids.com/portal/48157/bo/bo-search","RFP - Professional Legal Services","22-918-018","12/30/2021 03:00pm","Awarded"
"1784987501-300","https://pbsystem.planetbids.com/portal/48157/bo/bo-search","Road Materials Hauling Services","22-961-025","12/27/2021 03:00pm","Canceled"
"1784987501-301","https://pbsystem.planetbids.com/portal/48157/bo/bo-search","Yamaha WaveRunner FX Cruiser SVHO or Equivalent & Trailers","22-120-026","12/20/2021 03:00pm","Closed"
"1784987501-302","https://pbsystem.planetbids.com/portal/48157/bo/bo-search","Real Estate Broker Services","22-918-012","12/13/2021 03:00pm","Awarded"
"1784987501-303","https://pbsystem.planetbids.com/portal/48157/bo/bo-search","Caldor Fire On-Call Survey Services","22-925-019","12/10/2021 03:00pm","Awarded"
"1784987501-304","https://pbsystem.planetbids.com/portal/48157/bo/bo-search","Caldor Fire Arborist Services","22-988-015","12/03/2021 03:00pm","Awarded"
"1784987501-305","https://pbsystem.planetbids.com/portal/48157/bo/bo-search","Disposable Gloves","22-475-020","11/22/2021 03:00pm","Awarded"
"1784987501-306","https://pbsystem.planetbids.com/portal/48157/bo/bo-search","2021/22 All Wheel Drive, Midsize Sport Utility Vehicle, 4-Door","22-070-023","11/19/2021 03:00pm","Closed"
"1784987501-307","https://pbsystem.planetbids.com/portal/48157/bo/bo-search","Tactical body Armor & Ballistic Helmet","22-680-017","11/18/2021 03:00pm","Awarded"
"1784987501-308","https://pbsystem.planetbids.com/portal/48157/bo/bo-search","Copper Wire - Black 600 MCM THHN Building Wire","22-287-014","11/11/2021 03:00pm","Awarded"
"1784987501-309","https://pbsystem.planetbids.com/portal/48157/bo/bo-search","RFP - Bike Park Sculpture","21-968-056","11/08/2021 03:00pm","Awarded"
"1784987501-310","https://pbsystem.planetbids.com/portal/48157/bo/bo-search","Audit Services for County Ambulance Transportation Contractors","22-946-004","10/15/2021 03:00pm","Canceled"
"1784987501-311","https://pbsystem.planetbids.com/portal/48157/bo/bo-search","Equipment / Truck Tires, Tubes, Wheels & Related Products & Services","22-863-008","10/11/2021 03:00pm","Awarded"
"1784987501-312","https://pbsystem.planetbids.com/portal/48157/bo/bo-search","High Performance - Cold Patch Mix - West Slope","22-288-011","10/06/2021 03:00pm","Awarded"
"1784987501-313","https://pbsystem.planetbids.com/portal/48157/bo/bo-search","Plant Mix Asphalt Concrete - East Slope","22-745-007","09/30/2021 03:00pm","Awarded"
"1784987501-314","https://pbsystem.planetbids.com/portal/48157/bo/bo-search","Airport Consulting Services","22-918-006","09/28/2021 03:00pm","Awarded"
"1784987501-315","https://pbsystem.planetbids.com/portal/48157/bo/bo-search","Law Enforcement Duty and Safety Gear","22-680-001","08/23/2021 03:00pm","Awarded"
"1784987501-316","https://pbsystem.planetbids.com/portal/48157/bo/bo-search","""U"" Channel Guide Post, ""U"" Channel Sign Post, Tube Post & Tube Post Anchors","22-570-003","08/23/2021 03:00pm","Awarded"
"1784987501-317","https://pbsystem.planetbids.com/portal/48157/bo/bo-search","OFFSET ROLLER ATTACHMENT","21-760-055","07/21/2021 03:00pm","Awarded"
"1784987501-318","https://pbsystem.planetbids.com/portal/48157/bo/bo-search","TREMCO ROOFING MATERIALS & PRODUCTS","21-770-049","07/19/2021 10:00am","Awarded"
"1784987501-319","https://pbsystem.planetbids.com/portal/48157/bo/bo-search","In-County Adult Residential Facility (ARF) Services","21-952-041","07/01/2021 03:00pm","Awarded"
"1784987501-320","https://pbsystem.planetbids.com/portal/48157/bo/bo-search","PLANTRONICS TELEPHONE HEADSETS","21-725-047","06/22/2021 03:00pm","Awarded"
"1784987501-321","https://pbsystem.planetbids.com/portal/48157/bo/bo-search","Microsoft 365 Migration Services","21-918-040","06/09/2021 03:00pm","Awarded"
